{
  "hash": "a879a6a9",
  "configHash": "e609adc8",
  "lockfileHash": "6164403c",
  "browserHash": "a7ee73dc",
  "optimized": {
    "@angular/common": {
      "src": "../../../../../../node_modules/@angular/common/fesm2022/common.mjs",
      "file": "@angular_common.js",
      "fileHash": "0f2d5667",
      "needsInterop": false
    },
    "@angular/common/http": {
      "src": "../../../../../../node_modules/@angular/common/fesm2022/http.mjs",
      "file": "@angular_common_http.js",
      "fileHash": "e883f62e",
      "needsInterop": false
    },
    "@angular/core": {
      "src": "../../../../../../node_modules/@angular/core/fesm2022/core.mjs",
      "file": "@angular_core.js",
      "fileHash": "2f2edbc5",
      "needsInterop": false
    },
    "@angular/forms": {
      "src": "../../../../../../node_modules/@angular/forms/fesm2022/forms.mjs",
      "file": "@angular_forms.js",
      "fileHash": "f4e5dc19",
      "needsInterop": false
    },
    "@angular/platform-browser": {
      "src": "../../../../../../node_modules/@angular/platform-browser/fesm2022/platform-browser.mjs",
      "file": "@angular_platform-browser.js",
      "fileHash": "4d903ebe",
      "needsInterop": false
    },
    "@angular/router": {
      "src": "../../../../../../node_modules/@angular/router/fesm2022/router.mjs",
      "file": "@angular_router.js",
      "fileHash": "795ff568",
      "needsInterop": false
    },
    "rxjs/operators": {
      "src": "../../../../../../node_modules/rxjs/dist/esm5/operators/index.js",
      "file": "rxjs_operators.js",
      "fileHash": "70f64129",
      "needsInterop": false
    }
  },
  "chunks": {
    "chunk-FLXRUCQJ": {
      "file": "chunk-FLXRUCQJ.js"
    },
    "chunk-7XLX3AHP": {
      "file": "chunk-7XLX3AHP.js"
    },
    "chunk-SCHQ4EYA": {
      "file": "chunk-SCHQ4EYA.js"
    },
    "chunk-USKAWHGV": {
      "file": "chunk-USKAWHGV.js"
    },
    "chunk-UUAUFN6Q": {
      "file": "chunk-UUAUFN6Q.js"
    },
    "chunk-4QY3CLME": {
      "file": "chunk-4QY3CLME.js"
    }
  }
}